sample,fastq_1,fastq_2,replicate,antibody,control,control_replicate
DMSO_INPUT,/home/kai.hu-umw/pi/arthur.mercurio-umw/BingSun/042026_ChIPseq/data/fastq_from_sra/SRR31543540_1.fastq.gz,/home/kai.hu-umw/pi/arthur.mercurio-umw/BingSun/042026_ChIPseq/data/fastq_from_sra/SRR31543540_2.fastq.gz,1,,DMSO_INPUT,
DMSO_INPUT,/home/kai.hu-umw/pi/arthur.mercurio-umw/BingSun/042026_ChIPseq/data/fastq_from_sra/SRR31543541_1.fastq.gz,/home/kai.hu-umw/pi/arthur.mercurio-umw/BingSun/042026_ChIPseq/data/fastq_from_sra/SRR31543541_2.fastq.gz,1,,DMSO_INPUT,
DMSO_INPUT,/home/kai.hu-umw/pi/arthur.mercurio-umw/BingSun/042026_ChIPseq/data/fastq_from_sra/SRR31543538_1.fastq.gz,/home/kai.hu-umw/pi/arthur.mercurio-umw/BingSun/042026_ChIPseq/data/fastq_from_sra/SRR31543538_2.fastq.gz,2,,DMSO_INPUT,
DMSO_INPUT,/home/kai.hu-umw/pi/arthur.mercurio-umw/BingSun/042026_ChIPseq/data/fastq_from_sra/SRR31543539_1.fastq.gz,/home/kai.hu-umw/pi/arthur.mercurio-umw/BingSun/042026_ChIPseq/data/fastq_from_sra/SRR31543539_2.fastq.gz,2,,DMSO_INPUT,
DMSO_INPUT,/home/kai.hu-umw/pi/arthur.mercurio-umw/BingSun/042026_ChIPseq/data/fastq_from_sra/SRR31543536_1.fastq.gz,/home/kai.hu-umw/pi/arthur.mercurio-umw/BingSun/042026_ChIPseq/data/fastq_from_sra/SRR31543536_2.fastq.gz,3,,DMSO_INPUT,
DMSO_INPUT,/home/kai.hu-umw/pi/arthur.mercurio-umw/BingSun/042026_ChIPseq/data/fastq_from_sra/SRR31543537_1.fastq.gz,/home/kai.hu-umw/pi/arthur.mercurio-umw/BingSun/042026_ChIPseq/data/fastq_from_sra/SRR31543537_2.fastq.gz,3,,DMSO_INPUT,
DMSO,/home/kai.hu-umw/pi/arthur.mercurio-umw/BingSun/042026_ChIPseq/data/fastq_from_sra/SRR31543534_1.fastq.gz,/home/kai.hu-umw/pi/arthur.mercurio-umw/BingSun/042026_ChIPseq/data/fastq_from_sra/SRR31543534_2.fastq.gz,1,H3K4me2,,1
DMSO,/home/kai.hu-umw/pi/arthur.mercurio-umw/BingSun/042026_ChIPseq/data/fastq_from_sra/SRR31543535_1.fastq.gz,/home/kai.hu-umw/pi/arthur.mercurio-umw/BingSun/042026_ChIPseq/data/fastq_from_sra/SRR31543535_2.fastq.gz,1,H3K4me2,,1
DMSO,/home/kai.hu-umw/pi/arthur.mercurio-umw/BingSun/042026_ChIPseq/data/fastq_from_sra/SRR31543531_1.fastq.gz,/home/kai.hu-umw/pi/arthur.mercurio-umw/BingSun/042026_ChIPseq/data/fastq_from_sra/SRR31543531_2.fastq.gz,2,H3K4me2,,2
DMSO,/home/kai.hu-umw/pi/arthur.mercurio-umw/BingSun/042026_ChIPseq/data/fastq_from_sra/SRR31543532_1.fastq.gz,/home/kai.hu-umw/pi/arthur.mercurio-umw/BingSun/042026_ChIPseq/data/fastq_from_sra/SRR31543532_2.fastq.gz,2,H3K4me2,,2
DMSO,/home/kai.hu-umw/pi/arthur.mercurio-umw/BingSun/042026_ChIPseq/data/fastq_from_sra/SRR31543529_1.fastq.gz,/home/kai.hu-umw/pi/arthur.mercurio-umw/BingSun/042026_ChIPseq/data/fastq_from_sra/SRR31543529_2.fastq.gz,3,H3K4me2,,3
DMSO,/home/kai.hu-umw/pi/arthur.mercurio-umw/BingSun/042026_ChIPseq/data/fastq_from_sra/SRR31543530_1.fastq.gz,/home/kai.hu-umw/pi/arthur.mercurio-umw/BingSun/042026_ChIPseq/data/fastq_from_sra/SRR31543530_2.fastq.gz,3,H3K4me2,,3
OICR_INPUT,/home/kai.hu-umw/pi/arthur.mercurio-umw/BingSun/042026_ChIPseq/data/fastq_from_sra/SRR31543528_1.fastq.gz,/home/kai.hu-umw/pi/arthur.mercurio-umw/BingSun/042026_ChIPseq/data/fastq_from_sra/SRR31543528_2.fastq.gz,1,,OICR_INPUT,
OICR_INPUT,/home/kai.hu-umw/pi/arthur.mercurio-umw/BingSun/042026_ChIPseq/data/fastq_from_sra/SRR31543533_1.fastq.gz,/home/kai.hu-umw/pi/arthur.mercurio-umw/BingSun/042026_ChIPseq/data/fastq_from_sra/SRR31543533_2.fastq.gz,1,,OICR_INPUT,
OICR_INPUT,/home/kai.hu-umw/pi/arthur.mercurio-umw/BingSun/042026_ChIPseq/data/fastq_from_sra/SRR31543526_1.fastq.gz,/home/kai.hu-umw/pi/arthur.mercurio-umw/BingSun/042026_ChIPseq/data/fastq_from_sra/SRR31543526_2.fastq.gz,2,,OICR_INPUT,
OICR_INPUT,/home/kai.hu-umw/pi/arthur.mercurio-umw/BingSun/042026_ChIPseq/data/fastq_from_sra/SRR31543527_1.fastq.gz,/home/kai.hu-umw/pi/arthur.mercurio-umw/BingSun/042026_ChIPseq/data/fastq_from_sra/SRR31543527_2.fastq.gz,2,,OICR_INPUT,
OICR_INPUT,/home/kai.hu-umw/pi/arthur.mercurio-umw/BingSun/042026_ChIPseq/data/fastq_from_sra/SRR31543524_1.fastq.gz,/home/kai.hu-umw/pi/arthur.mercurio-umw/BingSun/042026_ChIPseq/data/fastq_from_sra/SRR31543524_2.fastq.gz,3,,OICR_INPUT,
OICR_INPUT,/home/kai.hu-umw/pi/arthur.mercurio-umw/BingSun/042026_ChIPseq/data/fastq_from_sra/SRR31543525_1.fastq.gz,/home/kai.hu-umw/pi/arthur.mercurio-umw/BingSun/042026_ChIPseq/data/fastq_from_sra/SRR31543525_2.fastq.gz,3,,OICR_INPUT,
OICR,/home/kai.hu-umw/pi/arthur.mercurio-umw/BingSun/042026_ChIPseq/data/fastq_from_sra/SRR31543522_1.fastq.gz,/home/kai.hu-umw/pi/arthur.mercurio-umw/BingSun/042026_ChIPseq/data/fastq_from_sra/SRR31543522_2.fastq.gz,1,H3K4me2,,1
OICR,/home/kai.hu-umw/pi/arthur.mercurio-umw/BingSun/042026_ChIPseq/data/fastq_from_sra/SRR31543523_1.fastq.gz,/home/kai.hu-umw/pi/arthur.mercurio-umw/BingSun/042026_ChIPseq/data/fastq_from_sra/SRR31543523_2.fastq.gz,1,H3K4me2,,1
OICR,/home/kai.hu-umw/pi/arthur.mercurio-umw/BingSun/042026_ChIPseq/data/fastq_from_sra/SRR31543520_1.fastq.gz,/home/kai.hu-umw/pi/arthur.mercurio-umw/BingSun/042026_ChIPseq/data/fastq_from_sra/SRR31543520_2.fastq.gz,2,H3K4me2,,2
OICR,/home/kai.hu-umw/pi/arthur.mercurio-umw/BingSun/042026_ChIPseq/data/fastq_from_sra/SRR31543521_1.fastq.gz,/home/kai.hu-umw/pi/arthur.mercurio-umw/BingSun/042026_ChIPseq/data/fastq_from_sra/SRR31543521_2.fastq.gz,2,H3K4me2,,2
OICR,/home/kai.hu-umw/pi/arthur.mercurio-umw/BingSun/042026_ChIPseq/data/fastq_from_sra/SRR31543517_1.fastq.gz,/home/kai.hu-umw/pi/arthur.mercurio-umw/BingSun/042026_ChIPseq/data/fastq_from_sra/SRR31543517_2.fastq.gz,3,H3K4me2,,3
OICR,/home/kai.hu-umw/pi/arthur.mercurio-umw/BingSun/042026_ChIPseq/data/fastq_from_sra/SRR31543518_1.fastq.gz,/home/kai.hu-umw/pi/arthur.mercurio-umw/BingSun/042026_ChIPseq/data/fastq_from_sra/SRR31543518_2.fastq.gz,3,H3K4me2,,3
Untreated_INPUT,/home/kai.hu-umw/pi/arthur.mercurio-umw/BingSun/042026_ChIPseq/data/fastq_from_sra/SRR31543516_1.fastq.gz,/home/kai.hu-umw/pi/arthur.mercurio-umw/BingSun/042026_ChIPseq/data/fastq_from_sra/SRR31543516_2.fastq.gz,1,,Untreated_INPUT,
Untreated,/home/kai.hu-umw/pi/arthur.mercurio-umw/BingSun/042026_ChIPseq/data/fastq_from_sra/SRR31543515_1.fastq.gz,/home/kai.hu-umw/pi/arthur.mercurio-umw/BingSun/042026_ChIPseq/data/fastq_from_sra/SRR31543515_2.fastq.gz,1,H3K4me2,,1
Untreated,/home/kai.hu-umw/pi/arthur.mercurio-umw/BingSun/042026_ChIPseq/data/fastq_from_sra/SRR31543519_1.fastq.gz,/home/kai.hu-umw/pi/arthur.mercurio-umw/BingSun/042026_ChIPseq/data/fastq_from_sra/SRR31543519_2.fastq.gz,1,H3K4me2,,1